experiment,target_modules,rank,alpha,trainable_params,rouge1,rouge2,rougeL,rougeLsum,bertscore_f1,train_runtime_seconds,status,source
Base,,,,,0.2658,0.1057,0.2081,0.2221,0.812,,presentation_only_pending_re_evaluation,presentation_and_workbook
Experiment1,k_proj;o_proj;q_proj;v_proj,2,16,1703936,0.5311586188905174,0.2926693315590403,0.44789360020540603,0.44760686508898895,0.9079107642173767,12690.4507,legacy_pending_re_evaluation,yeon_experiments.zip
Experiment2,q_proj,8,16,2097152,0.5154556570710866,0.2783822629053227,0.43425048024044033,0.43402234204808443,0.9017672538757324,9378.1462,legacy_pending_re_evaluation,yeon_experiments.zip
Experiment3,k_proj,8,16,1310720,0.47787153064149074,0.24179078894157222,0.3942222598989948,0.39434240745269367,0.8942956328392029,8929.81,legacy_pending_re_evaluation,yeon_experiments.zip
Experiment4,v_proj,8,16,1310720,0.5251552795746934,0.28093967433339284,0.4421113033586035,0.4417491030092707,0.9117570519447327,9066.7972,legacy_pending_re_evaluation,yeon_experiments.zip
Experiment5,o_proj,8,16,2097152,0.5242231243524673,0.28116394931558114,0.4394365007246237,0.4397017519449645,0.9042443633079529,9153.5,legacy_pending_re_evaluation,yeon_experiments.zip
Experiment6,q_proj;v_proj,4,16,1703936,0.523517871463391,0.28247159917058706,0.4385017791520732,0.4390024783390388,0.9102783203125,10185.546,legacy_pending_re_evaluation,yeon_experiments.zip
Experiment7,k_proj;q_proj,4,8,1703936,0.5084846873441804,0.2729404562567086,0.42783249510394444,0.42767525040153237,0.8995996117591858,10311.2898,legacy_pending_re_evaluation,yeon_experiments.zip
Experiment8,k_proj;o_proj;q_proj;v_proj,2,4,1703936,0.520597169715546,0.2816312857121591,0.4371225743547238,0.43692173646162774,0.9083705544471741,12531.423,legacy_pending_re_evaluation,yeon_experiments.zip
Experiment9,q_proj;v_proj,4,8,1703936,0.5215877840236498,0.28112387474424244,0.4348446647441433,0.4349775741914096,0.9055140018463135,10143.7358,legacy_pending_re_evaluation,yeon_experiments.zip
Experiment10,o_proj;v_proj,4,8,1703936,0.5292632255282498,0.2873118056929753,0.443440790976682,0.4433956969378526,0.9114682674407959,10395.015,legacy_pending_re_evaluation,yeon_experiments.zip
Experiment11,o_proj;v_proj,8,16,3407872,0.5306311566188627,0.2870864799939466,0.44485371644780913,0.4445816571415569,0.910980761051178,10481.1578,legacy_pending_re_evaluation,yeon_experiments.zip
Experiment12,o_proj;v_proj,16,32,6815744,0.5300334722088839,0.28548287304685627,0.4450760606060846,0.4444190135215534,0.9101057052612305,10448.4629,legacy_pending_re_evaluation,yeon_experiments.zip
Experiment13,down_proj;v_proj,4,8,3014656,0.5291184686311161,0.28859723678005544,0.4453779389115705,0.4453656723281792,0.9094510078430176,10483.2595,invalid_predictions_pending_re_evaluation,yeon_experiments.zip
